[{"pk": 2, "model": "sheet.character", "fields": {"times_wounded": 10, "height": 175, "base_mod_pos": 0, "unnatural_aging": 0, "start_ref": 43, "bought_stamina": 0, "start_int": 43, "base_mod_mov": 0, "deity": "Kord", "start_wil": 43, "total_xp": 0, "size": "M", "edges_bougth": 0, "base_mod_int": 0, "gained_sp": 0, "free_edges": 2, "cur_pos": 43, "cur_fit": 43, "cur_lrn": 43, "cur_cha": 43, "start_pos": 43, "occupation": "assassin", "cur_psy": 43, "cur_wil": 43, "bought_mana": 0, "base_mod_imm": 0, "description": "", "base_mod_psy": 0, "base_mod_lrn": 0, "weigth": 75, "cur_ref": 43, "start_fit": 43, "base_mod_ref": 0, "xp_used_ingame": 0, "base_mod_wil": 0, "cur_int": 43, "base_mod_dex": 0, "name": "Otho", "base_mod_cha": 0, "age": 30, "adventures": 0, "start_lrn": 43, "race": "human", "base_mod_fit": 0, "start_psy": 43, "start_cha": 43}}, {"pk": 3, "model": "sheet.character", "fields": {"times_wounded": 10, "height": 175, "base_mod_pos": 0, "unnatural_aging": 0, "start_ref": 43, "bought_stamina": 0, "start_int": 43, "base_mod_mov": 0, "deity": "Kord", "start_wil": 43, "total_xp": 0, "size": "M", "edges_bougth": 0, "base_mod_int": 0, "gained_sp": 0, "free_edges": 2, "cur_pos": 43, "cur_fit": 43, "cur_lrn": 43, "cur_cha": 43, "start_pos": 43, "occupation": "priest", "cur_psy": 43, "cur_wil": 43, "bought_mana": 0, "base_mod_imm": 0, "description": "", "base_mod_psy": 0, "base_mod_lrn": 0, "weigth": 75, "cur_ref": 43, "start_fit": 43, "base_mod_ref": 0, "xp_used_ingame": 0, "base_mod_wil": 0, "cur_int": 43, "base_mod_dex": 0, "name": "Touran", "base_mod_cha": 0, "age": 30, "adventures": 0, "start_lrn": 43, "race": "human", "base_mod_fit": 0, "start_psy": 43, "start_cha": 43}}, {"pk": 1, "model": "sheet.character", "fields": {"times_wounded": 10, "height": 185, "base_mod_pos": 0, "unnatural_aging": 0, "start_ref": 42, "bought_stamina": 14, "start_int": 41, "base_mod_mov": 0, "deity": "Kord", "start_wil": 54, "total_xp": 2025, "size": "M", "edges_bougth": 12, "base_mod_int": 5, "gained_sp": 197, "free_edges": 2, "cur_pos": 75, "cur_fit": 88, "cur_lrn": 83, "cur_cha": 69, "start_pos": 35, "occupation": "warrior-priest", "cur_psy": 80, "cur_wil": 93, "bought_mana": 0, "base_mod_imm": 0, "description": "A priest and warrior for Kord.", "base_mod_psy": 0, "base_mod_lrn": 0, "weigth": 85, "cur_ref": 80, "start_fit": 49, "base_mod_ref": -1, "xp_used_ingame": 146, "base_mod_wil": 5, "cur_int": 68, "base_mod_dex": 0, "name": "Martel", "base_mod_cha": 0, "age": 32, "adventures": 140, "start_lrn": 45, "race": "human", "base_mod_fit": -1, "start_psy": 58, "start_cha": 34}}, {"pk": 1, "model": "sheet.edge", "fields": {"notes": "", "name": "Chosen of gods", "description": ""}}, {"pk": 1, "model": "sheet.skill", "fields": {"name": "Weapon combat", "is_specialization": false, "notes": "", "skill_cost_3": 5, "required_edges": [], "skill_cost_0": 2, "skill_cost_1": 2, "skill_cost_2": 3, "can_be_defaulted": true, "required_skills": [], "type": "Combat", "description": ""}}, {"pk": 2, "model": "sheet.skill", "fields": {"name": "Active priesthood", "is_specialization": false, "notes": "", "skill_cost_3": null, "required_edges": [1], "skill_cost_0": 3, "skill_cost_1": null, "skill_cost_2": null, "can_be_defaulted": true, "required_skills": [], "type": "Priest", "description": ""}}, {"pk": 3, "model": "sheet.skill", "fields": {"name": "Warfare", "is_specialization": false, "notes": "", "skill_cost_3": 8, "required_edges": [], "skill_cost_0": 3, "skill_cost_1": 3, "skill_cost_2": 4, "can_be_defaulted": true, "required_skills": [2], "type": "Priest", "description": ""}}, {"pk": 4, "model": "sheet.skill", "fields": {"name": "Sword", "is_specialization": true, "notes": "", "skill_cost_3": null, "required_edges": [], "skill_cost_0": 2, "skill_cost_1": null, "skill_cost_2": null, "can_be_defaulted": true, "required_skills": [1], "type": "Combat", "description": ""}}, {"pk": 5, "model": "sheet.skill", "fields": {"name": "Single-weapon style", "is_specialization": false, "notes": "", "skill_cost_3": 3, "required_edges": [], "skill_cost_0": null, "skill_cost_1": 1, "skill_cost_2": 2, "can_be_defaulted": false, "required_skills": [1], "type": "Combat", "description": ""}}, {"pk": 6, "model": "sheet.skill", "fields": {"name": "Two-weapon style", "is_specialization": true, "notes": "", "skill_cost_3": 3, "required_edges": [], "skill_cost_0": null, "skill_cost_1": 1, "skill_cost_2": 2, "can_be_defaulted": true, "required_skills": [1], "type": "Combat", "description": ""}}, {"pk": 7, "model": "sheet.skill", "fields": {"name": "Climbing", "is_specialization": false, "notes": "", "skill_cost_3": 3, "required_edges": [], "skill_cost_0": 2, "skill_cost_1": 1, "skill_cost_2": 2, "can_be_defaulted": true, "required_skills": [], "type": "Physical", "description": ""}}, {"pk": 8, "model": "sheet.skill", "fields": {"name": "Charioteering", "is_specialization": false, "notes": "", "skill_cost_3": 4, "required_edges": [], "skill_cost_0": 2, "skill_cost_1": 1, "skill_cost_2": 3, "can_be_defaulted": true, "required_skills": [], "type": "Physical", "description": ""}}, {"pk": 9, "model": "sheet.skill", "fields": {"name": "Concealment", "is_specialization": false, "notes": "", "skill_cost_3": 3, "required_edges": [], "skill_cost_0": 2, "skill_cost_1": 1, "skill_cost_2": 2, "can_be_defaulted": true, "required_skills": [], "type": "Physical", "description": ""}}, {"pk": 10, "model": "sheet.skill", "fields": {"name": "Endurance / Running", "is_specialization": false, "notes": "", "skill_cost_3": 3, "required_edges": [], "skill_cost_0": 0, "skill_cost_1": 1, "skill_cost_2": 2, "can_be_defaulted": true, "required_skills": [], "type": "Physical", "description": ""}}, {"pk": 11, "model": "sheet.skill", "fields": {"name": "Jumping", "is_specialization": false, "notes": "", "skill_cost_3": 3, "required_edges": [], "skill_cost_0": 1, "skill_cost_1": 1, "skill_cost_2": 2, "can_be_defaulted": true, "required_skills": [], "type": "Physical", "description": ""}}, {"pk": 11, "model": "sheet.characterskill", "fields": {"skill": 5, "character": 1, "level": 4}}, {"pk": 13, "model": "sheet.characterskill", "fields": {"skill": 1, "character": 1, "level": 5}}, {"pk": 14, "model": "sheet.characterskill", "fields": {"skill": 3, "character": 1, "level": 6}}, {"pk": 16, "model": "sheet.characterskill", "fields": {"skill": 4, "character": 1, "level": 0}}, {"pk": 17, "model": "sheet.characterskill", "fields": {"skill": 2, "character": 1, "level": 0}}, {"pk": 18, "model": "sheet.characterskill", "fields": {"skill": 7, "character": 1, "level": 1}}, {"pk": 19, "model": "sheet.characterskill", "fields": {"skill": 10, "character": 1, "level": 1}}, {"pk": 1, "model": "sheet.edgelevel", "fields": {"requires_hero": false, "int": 0, "cc_skill_levels": 0, "wil": 0, "pos": 0, "saves_vs_fire": 0, "cost": "2.0", "cha": 0, "fit": 0, "imm": 0, "saves_vs_cold": 0, "ref": 0, "saves_vs_poison": 0, "mov": 0, "lrn": 0, "psy": 0, "saves_vs_lightning": 0, "dex": 0, "level": 1, "notes": "Able to get priest skills. This level required for paladins.", "saves_vs_all": 0, "edge": 1}}, {"pk": 2, "model": "sheet.edgelevel", "fields": {"requires_hero": false, "int": 0, "cc_skill_levels": 0, "wil": 0, "pos": 0, "saves_vs_fire": 0, "cost": "3.0", "cha": 0, "fit": 0, "imm": 0, "saves_vs_cold": 0, "ref": 0, "saves_vs_poison": 0, "mov": 0, "lrn": 0, "psy": 0, "saves_vs_lightning": 0, "dex": 0, "level": 2, "notes": "The character can take skills from one major/greater and one minor/intermediate sphere of priesthood.", "saves_vs_all": 0, "edge": 1}}, {"pk": 3, "model": "sheet.edgelevel", "fields": {"requires_hero": false, "int": 0, "cc_skill_levels": 0, "wil": 0, "pos": 0, "saves_vs_fire": 0, "cost": "4.0", "cha": 0, "fit": 0, "imm": 0, "saves_vs_cold": 0, "ref": 0, "saves_vs_poison": 0, "mov": 0, "lrn": 0, "psy": 0, "saves_vs_lightning": 0, "dex": 0, "level": 3, "notes": "The character can take skills from two major/greater and two minor/intermediate spheres of priesthood.", "saves_vs_all": 0, "edge": 1}}, {"pk": 4, "model": "sheet.edgelevel", "fields": {"requires_hero": false, "int": 0, "cc_skill_levels": 0, "wil": 0, "pos": 0, "saves_vs_fire": 0, "cost": "5.0", "cha": 0, "fit": 0, "imm": 0, "saves_vs_cold": 0, "ref": 0, "saves_vs_poison": 0, "mov": 0, "lrn": 0, "psy": 0, "saves_vs_lightning": 0, "dex": 0, "level": 4, "notes": "The character can take skills from three major/greater and three minor/intermediate spheres of priesthood.", "saves_vs_all": 0, "edge": 1}}, {"pk": 5, "model": "sheet.edgelevel", "fields": {"requires_hero": false, "int": 0, "cc_skill_levels": 0, "wil": 0, "pos": 0, "saves_vs_fire": 0, "cost": "6.0", "cha": 0, "fit": 0, "imm": 0, "saves_vs_cold": 0, "ref": 0, "saves_vs_poison": 0, "mov": 0, "lrn": 0, "psy": 0, "saves_vs_lightning": 0, "dex": 0, "level": 5, "notes": "the character can take skills from three major/greater and three minor/intermediate spheres of priesthood.  All priest skill checks are at +15 bonus.\r\n\r\nHumans only.", "saves_vs_all": 0, "edge": 1}}, {"pk": 6, "model": "sheet.edgelevel", "fields": {"requires_hero": true, "int": 0, "cc_skill_levels": 0, "wil": 0, "pos": 0, "saves_vs_fire": 0, "cost": "7.0", "cha": 0, "fit": 0, "imm": 0, "saves_vs_cold": 0, "ref": 0, "saves_vs_poison": 0, "mov": 0, "lrn": 0, "psy": 0, "saves_vs_lightning": 0, "dex": 0, "level": 6, "notes": "The character can take skills from three major/greater and three minor/intermediate spheres of priesthood and all priest skill checks are at +15 bonus.", "saves_vs_all": 0, "edge": 1}}, {"pk": 1, "model": "sheet.characteredge", "fields": {"edge": 6, "character": 1}}, {"pk": 1, "model": "sheet.weaponquality", "fields": {"versus_missile_modifier": 0, "dp_multiplier": "0.2000", "name": "Bone", "short_name": "bone", "durability": -2, "leth": -2, "ccv": -8, "damage": -2, "weight_multiplier": "1.0000", "plus_leth": 0, "versus_area_save_modifier": 0, "roa": "0.0000", "defense_leth": -1}}, {"pk": 2, "model": "sheet.weaponquality", "fields": {"versus_missile_modifier": 0, "dp_multiplier": "0.4000", "name": "Stone", "short_name": "ston", "durability": -1, "leth": -1, "ccv": -6, "damage": -1, "weight_multiplier": "1.0000", "plus_leth": 0, "versus_area_save_modifier": 0, "roa": "0.0000", "defense_leth": -1}}, {"pk": 3, "model": "sheet.weaponquality", "fields": {"versus_missile_modifier": 0, "dp_multiplier": "0.6000", "name": "Bronze", "short_name": "brze", "durability": -1, "leth": 0, "ccv": -4, "damage": -1, "weight_multiplier": "1.0000", "plus_leth": 0, "versus_area_save_modifier": 0, "roa": "0.0000", "defense_leth": 0}}, {"pk": 4, "model": "sheet.weaponquality", "fields": {"versus_missile_modifier": 0, "dp_multiplier": "0.8000", "name": "Poor", "short_name": "poor", "durability": -1, "leth": 0, "ccv": -2, "damage": 0, "weight_multiplier": "1.0000", "plus_leth": 0, "versus_area_save_modifier": 0, "roa": "0.0000", "defense_leth": 0}}, {"pk": 5, "model": "sheet.weaponquality", "fields": {"versus_missile_modifier": 0, "dp_multiplier": "1.0000", "name": "Normal", "short_name": "", "durability": 0, "leth": 0, "ccv": 0, "damage": 0, "weight_multiplier": "1.0000", "plus_leth": 0, "versus_area_save_modifier": 0, "roa": "0.0000", "defense_leth": 0}}, {"pk": 6, "model": "sheet.weaponquality", "fields": {"versus_missile_modifier": 0, "dp_multiplier": "1.2000", "name": "Damascan", "short_name": "dmsc", "durability": 1, "leth": 0, "ccv": 2, "damage": 0, "weight_multiplier": "1.0000", "plus_leth": 0, "versus_area_save_modifier": 0, "roa": "0.0000", "defense_leth": 0}}, {"pk": 7, "model": "sheet.weaponquality", "fields": {"versus_missile_modifier": 0, "dp_multiplier": "1.4000", "name": "Mithril", "short_name": "mith", "durability": 1, "leth": 0, "ccv": 4, "damage": 1, "weight_multiplier": "1.0000", "plus_leth": 0, "versus_area_save_modifier": 0, "roa": "0.0000", "defense_leth": 0}}, {"pk": 8, "model": "sheet.weaponquality", "fields": {"versus_missile_modifier": 0, "dp_multiplier": "1.6000", "name": "Adamantite", "short_name": "admt", "durability": 1, "leth": 1, "ccv": 6, "damage": 1, "weight_multiplier": "1.0000", "plus_leth": 0, "versus_area_save_modifier": 0, "roa": "0.0000", "defense_leth": 1}}, {"pk": 9, "model": "sheet.weaponquality", "fields": {"versus_missile_modifier": 0, "dp_multiplier": "2.0000", "name": "L1", "short_name": "L1", "durability": 1, "leth": 1, "ccv": 5, "damage": 1, "weight_multiplier": "1.0000", "plus_leth": 0, "versus_area_save_modifier": 0, "roa": "0.0100", "defense_leth": 1}}, {"pk": 10, "model": "sheet.weaponquality", "fields": {"versus_missile_modifier": 0, "dp_multiplier": "2.0000", "name": "L2", "short_name": "L2", "durability": 2, "leth": 1, "ccv": 10, "damage": 2, "weight_multiplier": "1.0000", "plus_leth": 0, "versus_area_save_modifier": 0, "roa": "0.0200", "defense_leth": 1}}, {"pk": 11, "model": "sheet.weaponquality", "fields": {"versus_missile_modifier": 0, "dp_multiplier": "3.0000", "name": "L3", "short_name": "L3", "durability": 3, "leth": 2, "ccv": 15, "damage": 3, "weight_multiplier": "1.0000", "plus_leth": 0, "versus_area_save_modifier": 0, "roa": "0.0300", "defense_leth": 2}}, {"pk": 12, "model": "sheet.weaponquality", "fields": {"versus_missile_modifier": 0, "dp_multiplier": "3.0000", "name": "L4", "short_name": "L4", "durability": 4, "leth": 2, "ccv": 20, "damage": 4, "weight_multiplier": "1.0000", "plus_leth": 0, "versus_area_save_modifier": 0, "roa": "0.0400", "defense_leth": 2}}, {"pk": 13, "model": "sheet.weaponquality", "fields": {"versus_missile_modifier": 0, "dp_multiplier": "4.0000", "name": "L5", "short_name": "L5", "durability": 5, "leth": 3, "ccv": 25, "damage": 5, "weight_multiplier": "1.0000", "plus_leth": 0, "versus_area_save_modifier": 0, "roa": "0.0500", "defense_leth": 3}}, {"pk": 14, "model": "sheet.weaponquality", "fields": {"versus_missile_modifier": 0, "dp_multiplier": "4.0000", "name": "L6", "short_name": "L6", "durability": 6, "leth": 3, "ccv": 30, "damage": 6, "weight_multiplier": "1.0000", "plus_leth": 0, "versus_area_save_modifier": 0, "roa": "0.0600", "defense_leth": 3}}, {"pk": 15, "model": "sheet.weaponquality", "fields": {"versus_missile_modifier": 0, "dp_multiplier": "5.0000", "name": "L7", "short_name": "L7", "durability": 7, "leth": 4, "ccv": 35, "damage": 7, "weight_multiplier": "1.0000", "plus_leth": 0, "versus_area_save_modifier": 0, "roa": "0.0700", "defense_leth": 4}}, {"pk": 16, "model": "sheet.weaponquality", "fields": {"versus_missile_modifier": 0, "dp_multiplier": "2.0000", "name": "L1 of Speed", "short_name": "L1Sp", "durability": 1, "leth": 1, "ccv": 5, "damage": 1, "weight_multiplier": "1.0000", "plus_leth": 0, "versus_area_save_modifier": 0, "roa": "0.5100", "defense_leth": 1}}, {"pk": 17, "model": "sheet.weaponquality", "fields": {"versus_missile_modifier": 0, "dp_multiplier": "2.0000", "name": "L2 of Speed", "short_name": "L2Sp", "durability": 2, "leth": 1, "ccv": 10, "damage": 2, "weight_multiplier": "1.0000", "plus_leth": 0, "versus_area_save_modifier": 0, "roa": "0.5200", "defense_leth": 1}}, {"pk": 1, "model": "sheet.weapontemplate", "fields": {"durability": 5, "roa": "1.200", "skill": 4, "description": "", "dice": 4, "skill2": null, "ccv_unskilled_modifier": -10, "type": "P/S", "leth": 3, "short_name": "SmKnife", "extra_damage": 0, "dp": 1, "draw_initiative": -1, "name": "Small knife", "notes": "", "ccv": 4, "num_dice": 1, "plus_leth": 0, "is_lance": false, "base_skill": 1, "is_shield": false, "defense_leth": 2}}, {"pk": 2, "model": "sheet.weapontemplate", "fields": {"durability": 6, "roa": "1.200", "skill": 4, "description": "", "dice": 4, "skill2": null, "ccv_unskilled_modifier": -10, "type": "P/S", "leth": 3, "short_name": "LgKnife", "extra_damage": 0, "dp": 3, "draw_initiative": -1, "name": "Large knife", "notes": "", "ccv": 6, "num_dice": 1, "plus_leth": 0, "is_lance": false, "base_skill": 1, "is_shield": false, "defense_leth": 3}}, {"pk": 3, "model": "sheet.weapontemplate", "fields": {"durability": 6, "roa": "1.150", "skill": 4, "description": "", "dice": 4, "skill2": null, "ccv_unskilled_modifier": -10, "type": "P/S", "leth": 4, "short_name": "Dagger", "extra_damage": 1, "dp": 4, "draw_initiative": -2, "name": "Dagger", "notes": "", "ccv": 8, "num_dice": 1, "plus_leth": 0, "is_lance": false, "base_skill": 1, "is_shield": false, "defense_leth": 4}}, {"pk": 4, "model": "sheet.weapontemplate", "fields": {"durability": 6, "roa": "1.150", "skill": 4, "description": "", "dice": 6, "skill2": null, "ccv_unskilled_modifier": -10, "type": "P(S)", "leth": 4, "short_name": "Mgauche", "extra_damage": 0, "dp": 5, "draw_initiative": -2, "name": "Main gauche", "notes": "+10 on disarm", "ccv": 10, "num_dice": 1, "plus_leth": 0, "is_lance": false, "base_skill": 1, "is_shield": false, "defense_leth": 5}}, {"pk": 5, "model": "sheet.weapontemplate", "fields": {"durability": 7, "roa": "1.100", "skill": 4, "description": "", "dice": 6, "skill2": null, "ccv_unskilled_modifier": -10, "type": "S", "leth": 5, "short_name": "Gladius", "extra_damage": 1, "dp": 5, "draw_initiative": -3, "name": "Short sword", "notes": "", "ccv": 10, "num_dice": 1, "plus_leth": 0, "is_lance": false, "base_skill": 1, "is_shield": false, "defense_leth": 5}}, {"pk": 6, "model": "sheet.weapontemplate", "fields": {"durability": 6, "roa": "1.000", "skill": 4, "description": "", "dice": 8, "skill2": null, "ccv_unskilled_modifier": -10, "type": "P(S)", "leth": 5, "short_name": "Estoc", "extra_damage": 0, "dp": 7, "draw_initiative": -4, "name": "Rapier", "notes": "", "ccv": 12, "num_dice": 1, "plus_leth": 0, "is_lance": false, "base_skill": 1, "is_shield": false, "defense_leth": 5}}, {"pk": 7, "model": "sheet.weapontemplate", "fields": {"durability": 7, "roa": "1.050", "skill": 4, "description": "", "dice": 6, "skill2": null, "ccv_unskilled_modifier": -10, "type": "S", "leth": 5, "short_name": "Shasmir", "extra_damage": 1, "dp": 5, "draw_initiative": -3, "name": "Scimitar", "notes": "", "ccv": 12, "num_dice": 1, "plus_leth": 0, "is_lance": false, "base_skill": 1, "is_shield": false, "defense_leth": 5}}, {"pk": 8, "model": "sheet.weapontemplate", "fields": {"durability": 7, "roa": "0.950", "skill": 4, "description": "", "dice": 8, "skill2": null, "ccv_unskilled_modifier": -10, "type": "S", "leth": 5, "short_name": "Falchion", "extra_damage": 1, "dp": 9, "draw_initiative": -4, "name": "Falchion", "notes": "", "ccv": 12, "num_dice": 1, "plus_leth": 0, "is_lance": false, "base_skill": 1, "is_shield": false, "defense_leth": 5}}, {"pk": 9, "model": "sheet.weapontemplate", "fields": {"durability": 7, "roa": "1.000", "skill": 4, "description": "", "dice": 8, "skill2": null, "ccv_unskilled_modifier": -10, "type": "S", "leth": 5, "short_name": "Spatha", "extra_damage": 0, "dp": 7, "draw_initiative": -4, "name": "Broadsword", "notes": "", "ccv": 13, "num_dice": 1, "plus_leth": 0, "is_lance": false, "base_skill": 1, "is_shield": false, "defense_leth": 5}}, {"pk": 10, "model": "sheet.weapontemplate", "fields": {"durability": 7, "roa": "0.950", "skill": 4, "description": "", "dice": 10, "skill2": null, "ccv_unskilled_modifier": -10, "type": "S", "leth": 5, "short_name": "Longsword", "extra_damage": 0, "dp": 8, "draw_initiative": -4, "name": "Longsword", "notes": "", "ccv": 15, "num_dice": 1, "plus_leth": 0, "is_lance": false, "base_skill": 1, "is_shield": false, "defense_leth": 5}}, {"pk": 11, "model": "sheet.weapontemplate", "fields": {"durability": 7, "roa": "0.850", "skill": 4, "description": "", "dice": 6, "skill2": null, "ccv_unskilled_modifier": -10, "type": "S", "leth": 5, "short_name": "Bstsword, 1h", "extra_damage": -1, "dp": 12, "draw_initiative": -5, "name": "Bastard sword, 1h", "notes": "", "ccv": 12, "num_dice": 2, "plus_leth": 0, "is_lance": false, "base_skill": 1, "is_shield": false, "defense_leth": 5}}, {"pk": 12, "model": "sheet.weapontemplate", "fields": {"durability": 7, "roa": "0.900", "skill": 4, "description": "", "dice": 6, "skill2": null, "ccv_unskilled_modifier": -10, "type": "S", "leth": 5, "short_name": "Bstsword, 2h", "extra_damage": -1, "dp": 12, "draw_initiative": -5, "name": "Bastard sword, 2h", "notes": "", "ccv": 15, "num_dice": 2, "plus_leth": 0, "is_lance": false, "base_skill": 1, "is_shield": false, "defense_leth": 5}}, {"pk": 13, "model": "sheet.weapontemplate", "fields": {"durability": 7, "roa": "0.850", "skill": 4, "description": "", "dice": 6, "skill2": null, "ccv_unskilled_modifier": -10, "type": "S", "leth": 5, "short_name": "Greatsword, 2h", "extra_damage": 0, "dp": 18, "draw_initiative": -7, "name": "Greatsword, 2h", "notes": "", "ccv": 15, "num_dice": 2, "plus_leth": 0, "is_lance": false, "base_skill": 1, "is_shield": false, "defense_leth": 6}}, {"pk": 14, "model": "sheet.weapontemplate", "fields": {"durability": 4, "roa": "0.950", "skill": 4, "description": "", "dice": 6, "skill2": null, "ccv_unskilled_modifier": -10, "type": "B", "leth": 2, "short_name": "ThrClub", "extra_damage": 0, "dp": 3, "draw_initiative": -3, "name": "Throwing club", "notes": "", "ccv": 8, "num_dice": 1, "plus_leth": 0, "is_lance": false, "base_skill": 1, "is_shield": false, "defense_leth": 3}}, {"pk": 15, "model": "sheet.weapontemplate", "fields": {"durability": 4, "roa": "0.900", "skill": 4, "description": "", "dice": 6, "skill2": null, "ccv_unskilled_modifier": -10, "type": "B", "leth": 3, "short_name": "Club", "extra_damage": 0, "dp": 5, "draw_initiative": -3, "name": "Club", "notes": "", "ccv": 10, "num_dice": 1, "plus_leth": 0, "is_lance": false, "base_skill": 1, "is_shield": false, "defense_leth": 4}}, {"pk": 16, "model": "sheet.weapontemplate", "fields": {"durability": 4, "roa": "0.800", "skill": 4, "description": "", "dice": 8, "skill2": null, "ccv_unskilled_modifier": -10, "type": "B", "leth": 3, "short_name": "Warclub, 1h", "extra_damage": 0, "dp": 11, "draw_initiative": -4, "name": "Warclub, 1h", "notes": "", "ccv": 10, "num_dice": 1, "plus_leth": 0, "is_lance": false, "base_skill": 1, "is_shield": false, "defense_leth": 4}}, {"pk": 17, "model": "sheet.weapontemplate", "fields": {"durability": 4, "roa": "0.850", "skill": 4, "description": "", "dice": 8, "skill2": null, "ccv_unskilled_modifier": -10, "type": "B", "leth": 3, "short_name": "Warclub, 2h", "extra_damage": 0, "dp": 11, "draw_initiative": -4, "name": "Warclub, 2h", "notes": "", "ccv": 12, "num_dice": 1, "plus_leth": 0, "is_lance": false, "base_skill": 1, "is_shield": false, "defense_leth": 5}}, {"pk": 18, "model": "sheet.weapontemplate", "fields": {"durability": 5, "roa": "0.750", "skill": 4, "description": "", "dice": 10, "skill2": null, "ccv_unskilled_modifier": -10, "type": "B", "leth": 4, "short_name": "Greatclub, 2h", "extra_damage": 0, "dp": 15, "draw_initiative": -6, "name": "Greatclub, 2h", "notes": "", "ccv": 12, "num_dice": 1, "plus_leth": 0, "is_lance": false, "base_skill": 1, "is_shield": false, "defense_leth": 5}}, {"pk": 19, "model": "sheet.weapontemplate", "fields": {"durability": 6, "roa": "0.950", "skill": 4, "description": "", "dice": 6, "skill2": null, "ccv_unskilled_modifier": -10, "type": "S", "leth": 5, "short_name": "Handaxe", "extra_damage": 1, "dp": 4, "draw_initiative": -3, "name": "Hand axe", "notes": "", "ccv": 10, "num_dice": 1, "plus_leth": 1, "is_lance": false, "base_skill": 1, "is_shield": false, "defense_leth": 4}}, {"pk": 20, "model": "sheet.weapontemplate", "fields": {"durability": 6, "roa": "0.850", "skill": 4, "description": "", "dice": 8, "skill2": null, "ccv_unskilled_modifier": -10, "type": "S", "leth": 5, "short_name": "Battleaxe, 1h", "extra_damage": 1, "dp": 8, "draw_initiative": -4, "name": "Battle axe, 1h", "notes": "", "ccv": 10, "num_dice": 1, "plus_leth": 1, "is_lance": false, "base_skill": 1, "is_shield": false, "defense_leth": 4}}, {"pk": 21, "model": "sheet.weapontemplate", "fields": {"durability": 6, "roa": "0.900", "skill": 4, "description": "", "dice": 8, "skill2": null, "ccv_unskilled_modifier": -10, "type": "S", "leth": 5, "short_name": "Battleaxe, 2h", "extra_damage": 1, "dp": 8, "draw_initiative": -4, "name": "Battle axe, 2h", "notes": "", "ccv": 12, "num_dice": 1, "plus_leth": 1, "is_lance": false, "base_skill": 1, "is_shield": false, "defense_leth": 5}}, {"pk": 22, "model": "sheet.weapontemplate", "fields": {"durability": 6, "roa": "0.800", "skill": 4, "description": "", "dice": 10, "skill2": null, "ccv_unskilled_modifier": -10, "type": "S", "leth": 5, "short_name": "Greataxe, 2h", "extra_damage": 1, "dp": 16, "draw_initiative": -7, "name": "Great axe, 2h", "notes": "", "ccv": 12, "num_dice": 1, "plus_leth": 1, "is_lance": false, "base_skill": 1, "is_shield": false, "defense_leth": 5}}, {"pk": 23, "model": "sheet.weapontemplate", "fields": {"durability": 6, "roa": "0.950", "skill": 4, "description": "", "dice": 4, "skill2": null, "ccv_unskilled_modifier": -10, "type": "B", "leth": 4, "short_name": "LtHammer", "extra_damage": 1, "dp": 4, "draw_initiative": -3, "name": "Light hammer", "notes": "", "ccv": 10, "num_dice": 1, "plus_leth": 1, "is_lance": false, "base_skill": 1, "is_shield": false, "defense_leth": 4}}, {"pk": 24, "model": "sheet.weapontemplate", "fields": {"durability": 6, "roa": "0.900", "skill": 4, "description": "", "dice": 6, "skill2": null, "ccv_unskilled_modifier": -10, "type": "B", "leth": 5, "short_name": "LtMace", "extra_damage": 1, "dp": 6, "draw_initiative": -3, "name": "Light mace", "notes": "", "ccv": 10, "num_dice": 1, "plus_leth": 0, "is_lance": false, "base_skill": 1, "is_shield": false, "defense_leth": 4}}, {"pk": 25, "model": "sheet.weapontemplate", "fields": {"durability": 6, "roa": "0.800", "skill": 4, "description": "", "dice": 8, "skill2": null, "ccv_unskilled_modifier": -10, "type": "B", "leth": 5, "short_name": "HvMace, 1h", "extra_damage": 1, "dp": 12, "draw_initiative": -4, "name": "Heavy mace, 1h", "notes": "", "ccv": 10, "num_dice": 1, "plus_leth": 0, "is_lance": false, "base_skill": 1, "is_shield": false, "defense_leth": 4}}, {"pk": 26, "model": "sheet.weapontemplate", "fields": {"durability": 6, "roa": "0.850", "skill": 4, "description": "", "dice": 8, "skill2": null, "ccv_unskilled_modifier": -10, "type": "B", "leth": 5, "short_name": "HvMace, 2h", "extra_damage": 1, "dp": 12, "draw_initiative": -4, "name": "Heavy mace, 2h", "notes": "", "ccv": 12, "num_dice": 1, "plus_leth": 0, "is_lance": false, "base_skill": 1, "is_shield": false, "defense_leth": 5}}, {"pk": 27, "model": "sheet.weapontemplate", "fields": {"durability": 6, "roa": "0.750", "skill": 4, "description": "", "dice": 10, "skill2": null, "ccv_unskilled_modifier": -10, "type": "B", "leth": 5, "short_name": "Morningstar, 2h", "extra_damage": 1, "dp": 16, "draw_initiative": -6, "name": "Morningstar, 2h", "notes": "", "ccv": 12, "num_dice": 1, "plus_leth": 0, "is_lance": false, "base_skill": 1, "is_shield": false, "defense_leth": 5}}, {"pk": 28, "model": "sheet.weapontemplate", "fields": {"durability": 4, "roa": "1.050", "skill": 4, "description": "", "dice": 4, "skill2": null, "ccv_unskilled_modifier": -10, "type": "S", "leth": 1, "short_name": "Whip", "extra_damage": 0, "dp": 2, "draw_initiative": -2, "name": "Whip", "notes": "+10 on disarm, k.down", "ccv": 5, "num_dice": 1, "plus_leth": 0, "is_lance": false, "base_skill": 1, "is_shield": false, "defense_leth": 1}}, {"pk": 29, "model": "sheet.weapontemplate", "fields": {"durability": 5, "roa": "1.150", "skill": 4, "description": "", "dice": 4, "skill2": null, "ccv_unskilled_modifier": -10, "type": "B", "leth": 4, "short_name": "Nunchaku, 2h", "extra_damage": 2, "dp": 4, "draw_initiative": -2, "name": "Nunchaku, 2h", "notes": "+15 on disarm", "ccv": 12, "num_dice": 1, "plus_leth": 0, "is_lance": false, "base_skill": 1, "is_shield": false, "defense_leth": 4}}, {"pk": 30, "model": "sheet.weapontemplate", "fields": {"durability": 5, "roa": "0.950", "skill": 4, "description": "", "dice": 4, "skill2": null, "ccv_unskilled_modifier": -10, "type": "B", "leth": 5, "short_name": "LtFlail", "extra_damage": 2, "dp": 5, "draw_initiative": -3, "name": "Light flail", "notes": "+10 on disarm", "ccv": 12, "num_dice": 1, "plus_leth": 0, "is_lance": false, "base_skill": 1, "is_shield": false, "defense_leth": 3}}, {"pk": 31, "model": "sheet.weapontemplate", "fields": {"durability": 5, "roa": "0.850", "skill": 4, "description": "", "dice": 4, "skill2": null, "ccv_unskilled_modifier": -10, "type": "B", "leth": 5, "short_name": "HvFlail", "extra_damage": 1, "dp": 10, "draw_initiative": -4, "name": "Heavy flail", "notes": "+10 on disarm", "ccv": 12, "num_dice": 2, "plus_leth": 0, "is_lance": false, "base_skill": 1, "is_shield": false, "defense_leth": 3}}, {"pk": 32, "model": "sheet.weapontemplate", "fields": {"durability": 5, "roa": "1.050", "skill": 4, "description": "", "dice": 6, "skill2": null, "ccv_unskilled_modifier": -10, "type": "B", "leth": 3, "short_name": "Staff, 2h", "extra_damage": 0, "dp": 8, "draw_initiative": -4, "name": "Staff, 2h", "notes": "", "ccv": 15, "num_dice": 1, "plus_leth": 0, "is_lance": false, "base_skill": 1, "is_shield": false, "defense_leth": 5}}, {"pk": 33, "model": "sheet.weapontemplate", "fields": {"durability": 5, "roa": "0.850", "skill": 4, "description": "", "dice": 8, "skill2": null, "ccv_unskilled_modifier": -10, "type": "P(S)", "leth": 5, "short_name": "Spear, 1h", "extra_damage": -1, "dp": 8, "draw_initiative": -4, "name": "Spear, 1h", "notes": "", "ccv": 7, "num_dice": 1, "plus_leth": 0, "is_lance": false, "base_skill": 1, "is_shield": false, "defense_leth": 4}}, {"pk": 34, "model": "sheet.weapontemplate", "fields": {"durability": 5, "roa": "0.950", "skill": 4, "description": "", "dice": 8, "skill2": null, "ccv_unskilled_modifier": -10, "type": "P(S)", "leth": 5, "short_name": "Spear, 2h", "extra_damage": 0, "dp": 8, "draw_initiative": -4, "name": "Spear, 2h", "notes": "", "ccv": 15, "num_dice": 1, "plus_leth": 0, "is_lance": false, "base_skill": 1, "is_shield": false, "defense_leth": 5}}, {"pk": 35, "model": "sheet.weapontemplate", "fields": {"durability": 5, "roa": "0.800", "skill": 4, "description": "", "dice": 8, "skill2": null, "ccv_unskilled_modifier": -10, "type": "P(S)", "leth": 5, "short_name": "Partisan, 2h", "extra_damage": 1, "dp": 12, "draw_initiative": 0, "name": "Partisan, 2h", "notes": "", "ccv": 15, "num_dice": 1, "plus_leth": 0, "is_lance": false, "base_skill": 1, "is_shield": false, "defense_leth": 6}}, {"pk": 36, "model": "sheet.weapontemplate", "fields": {"durability": 5, "roa": "0.550", "skill": 4, "description": "", "dice": 10, "skill2": null, "ccv_unskilled_modifier": -10, "type": "P(S)", "leth": 5, "short_name": "Pike, 2h", "extra_damage": 0, "dp": 12, "draw_initiative": 0, "name": "Pike, 2h", "notes": "", "ccv": 15, "num_dice": 1, "plus_leth": 0, "is_lance": false, "base_skill": 1, "is_shield": false, "defense_leth": 7}}, {"pk": 37, "model": "sheet.weapontemplate", "fields": {"durability": 5, "roa": "0.800", "skill": 4, "description": "", "dice": 4, "skill2": null, "ccv_unskilled_modifier": -10, "type": "P(S)", "leth": 4, "short_name": "Trident, 1h", "extra_damage": 0, "dp": 10, "draw_initiative": 0, "name": "Trident, 1h", "notes": "+10 on disarm", "ccv": 7, "num_dice": 2, "plus_leth": 0, "is_lance": false, "base_skill": 1, "is_shield": false, "defense_leth": 4}}, {"pk": 38, "model": "sheet.weapontemplate", "fields": {"durability": 5, "roa": "0.900", "skill": 4, "description": "", "dice": 4, "skill2": null, "ccv_unskilled_modifier": -10, "type": "P(S)", "leth": 4, "short_name": "Trident, 2h", "extra_damage": 1, "dp": 10, "draw_initiative": 0, "name": "Trident, 2h", "notes": "+10 on disarm", "ccv": 15, "num_dice": 2, "plus_leth": 0, "is_lance": false, "base_skill": 1, "is_shield": false, "defense_leth": 5}}, {"pk": 39, "model": "sheet.weapontemplate", "fields": {"durability": 5, "roa": "0.850", "skill": 4, "description": "", "dice": 4, "skill2": null, "ccv_unskilled_modifier": -10, "type": "P(S)", "leth": 4, "short_name": "MilFork, 2h", "extra_damage": 0, "dp": 9, "draw_initiative": 0, "name": "Military fork, 2h", "notes": "+10 on k.down vs. riders", "ccv": 15, "num_dice": 2, "plus_leth": 0, "is_lance": false, "base_skill": 1, "is_shield": false, "defense_leth": 6}}, {"pk": 40, "model": "sheet.weapontemplate", "fields": {"durability": 5, "roa": "0.800", "skill": 4, "description": "", "dice": 4, "skill2": null, "ccv_unskilled_modifier": -10, "type": "P/S", "leth": 5, "short_name": "Ranseur, 2h", "extra_damage": 0, "dp": 11, "draw_initiative": 0, "name": "Ranseur, 2h", "notes": "+10 on disarm", "ccv": 15, "num_dice": 2, "plus_leth": 0, "is_lance": false, "base_skill": 1, "is_shield": false, "defense_leth": 6}}, {"pk": 41, "model": "sheet.weapontemplate", "fields": {"durability": 5, "roa": "0.700", "skill": 4, "description": "", "dice": 10, "skill2": null, "ccv_unskilled_modifier": -10, "type": "S", "leth": 5, "short_name": "Bardiche, 2h", "extra_damage": 1, "dp": 12, "draw_initiative": 0, "name": "Bardiche, 2h", "notes": "", "ccv": 15, "num_dice": 1, "plus_leth": 1, "is_lance": false, "base_skill": 1, "is_shield": false, "defense_leth": 6}}, {"pk": 42, "model": "sheet.weapontemplate", "fields": {"durability": 5, "roa": "0.700", "skill": 4, "description": "", "dice": 10, "skill2": null, "ccv_unskilled_modifier": -10, "type": "S", "leth": 5, "short_name": "Glaive, 2h", "extra_damage": 0, "dp": 11, "draw_initiative": 0, "name": "Glaive, 2h", "notes": "", "ccv": 15, "num_dice": 1, "plus_leth": 0, "is_lance": false, "base_skill": 1, "is_shield": false, "defense_leth": 6}}, {"pk": 43, "model": "sheet.weapontemplate", "fields": {"durability": 5, "roa": "0.700", "skill": 4, "description": "", "dice": 8, "skill2": null, "ccv_unskilled_modifier": -10, "type": "S", "leth": 5, "short_name": "Guisarme, 2h", "extra_damage": 0, "dp": 11, "draw_initiative": 0, "name": "Guisarme, 2h", "notes": "+10 on k.down vs. riders", "ccv": 15, "num_dice": 1, "plus_leth": 0, "is_lance": false, "base_skill": 1, "is_shield": false, "defense_leth": 6}}, {"pk": 44, "model": "sheet.weapontemplate", "fields": {"durability": 5, "roa": "0.700", "skill": 4, "description": "", "dice": 6, "skill2": null, "ccv_unskilled_modifier": -10, "type": "P/S", "leth": 5, "short_name": "Halberd, 2h", "extra_damage": 0, "dp": 12, "draw_initiative": 0, "name": "Halberd, 2h", "notes": "Spear-point", "ccv": 15, "num_dice": 2, "plus_leth": 0, "is_lance": false, "base_skill": 1, "is_shield": false, "defense_leth": 6}}, {"pk": 45, "model": "sheet.weapontemplate", "fields": {"durability": 5, "roa": "0.700", "skill": 4, "description": "", "dice": 4, "skill2": null, "ccv_unskilled_modifier": -10, "type": "P/B", "leth": 5, "short_name": "Lcnhammer, 2h", "extra_damage": 0, "dp": 12, "draw_initiative": 0, "name": "Lucern hammer, 2h", "notes": "Spear-point", "ccv": 15, "num_dice": 2, "plus_leth": 1, "is_lance": false, "base_skill": 1, "is_shield": false, "defense_leth": 6}}, {"pk": 46, "model": "sheet.weapontemplate", "fields": {"durability": 5, "roa": "0.700", "skill": 4, "description": "", "dice": 8, "skill2": null, "ccv_unskilled_modifier": -10, "type": "P/S", "leth": 5, "short_name": "Scythe, 2h", "extra_damage": 0, "dp": 9, "draw_initiative": 0, "name": "Scythe, 2h", "notes": "", "ccv": 15, "num_dice": 1, "plus_leth": 0, "is_lance": false, "base_skill": 1, "is_shield": false, "defense_leth": 6}}, {"pk": 47, "model": "sheet.weapontemplate", "fields": {"durability": 5, "roa": "0.700", "skill": 4, "description": "", "dice": 4, "skill2": null, "ccv_unskilled_modifier": -10, "type": "S", "leth": 5, "short_name": "Voulge, 2h", "extra_damage": 0, "dp": 12, "draw_initiative": 0, "name": "Voulge, 2h", "notes": "", "ccv": 15, "num_dice": 2, "plus_leth": 1, "is_lance": false, "base_skill": 1, "is_shield": false, "defense_leth": 6}}, {"pk": 48, "model": "sheet.weapontemplate", "fields": {"durability": 3, "roa": "0.700", "skill": 4, "description": "", "dice": 6, "skill2": null, "ccv_unskilled_modifier": -10, "type": "P", "leth": 4, "short_name": "Jousting lance", "extra_damage": 0, "dp": 5, "draw_initiative": 0, "name": "Jousting lance", "notes": "", "ccv": 5, "num_dice": 1, "plus_leth": 0, "is_lance": true, "base_skill": 1, "is_shield": false, "defense_leth": 4}}, {"pk": 49, "model": "sheet.weapontemplate", "fields": {"durability": 5, "roa": "0.800", "skill": 4, "description": "", "dice": 8, "skill2": null, "ccv_unskilled_modifier": -10, "type": "P", "leth": 5, "short_name": "Light lance", "extra_damage": 0, "dp": 9, "draw_initiative": 0, "name": "Light lance", "notes": "", "ccv": 5, "num_dice": 1, "plus_leth": 0, "is_lance": true, "base_skill": 1, "is_shield": false, "defense_leth": 3}}, {"pk": 50, "model": "sheet.weapontemplate", "fields": {"durability": 5, "roa": "0.700", "skill": 4, "description": "", "dice": 10, "skill2": null, "ccv_unskilled_modifier": -10, "type": "P", "leth": 5, "short_name": "Heavy lance", "extra_damage": 0, "dp": 12, "draw_initiative": 0, "name": "Heavy lance", "notes": "", "ccv": 5, "num_dice": 1, "plus_leth": 0, "is_lance": true, "base_skill": 1, "is_shield": false, "defense_leth": 3}}, {"pk": 1, "model": "sheet.weaponspecialquality", "fields": {"short_description": "amphianbane", "description": "Causes damage as +1L large weapon against amphibians."}}, {"pk": 1, "model": "sheet.weapon", "fields": {"special_qualities": [], "base": 1, "quality": 5, "name": "", "description": ""}}, {"pk": 2, "model": "sheet.weapon", "fields": {"special_qualities": [], "base": 2, "quality": 5, "name": "", "description": ""}}, {"pk": 3, "model": "sheet.weapon", "fields": {"special_qualities": [], "base": 3, "quality": 5, "name": "", "description": ""}}, {"pk": 4, "model": "sheet.weapon", "fields": {"special_qualities": [], "base": 4, "quality": 5, "name": "", "description": ""}}, {"pk": 5, "model": "sheet.weapon", "fields": {"special_qualities": [], "base": 5, "quality": 5, "name": "", "description": ""}}, {"pk": 6, "model": "sheet.weapon", "fields": {"special_qualities": [], "base": 6, "quality": 5, "name": "", "description": ""}}, {"pk": 7, "model": "sheet.weapon", "fields": {"special_qualities": [], "base": 7, "quality": 5, "name": "", "description": ""}}, {"pk": 8, "model": "sheet.weapon", "fields": {"special_qualities": [], "base": 8, "quality": 5, "name": "", "description": ""}}, {"pk": 9, "model": "sheet.weapon", "fields": {"special_qualities": [], "base": 9, "quality": 5, "name": "", "description": ""}}, {"pk": 10, "model": "sheet.weapon", "fields": {"special_qualities": [], "base": 10, "quality": 5, "name": "", "description": ""}}, {"pk": 11, "model": "sheet.weapon", "fields": {"special_qualities": [], "base": 11, "quality": 5, "name": "", "description": ""}}, {"pk": 12, "model": "sheet.weapon", "fields": {"special_qualities": [], "base": 12, "quality": 5, "name": "", "description": ""}}, {"pk": 13, "model": "sheet.weapon", "fields": {"special_qualities": [], "base": 13, "quality": 5, "name": "", "description": ""}}, {"pk": 14, "model": "sheet.weapon", "fields": {"special_qualities": [], "base": 14, "quality": 5, "name": "", "description": ""}}, {"pk": 15, "model": "sheet.weapon", "fields": {"special_qualities": [], "base": 15, "quality": 5, "name": "", "description": ""}}, {"pk": 16, "model": "sheet.weapon", "fields": {"special_qualities": [], "base": 16, "quality": 5, "name": "", "description": ""}}, {"pk": 17, "model": "sheet.weapon", "fields": {"special_qualities": [], "base": 17, "quality": 5, "name": "", "description": ""}}, {"pk": 18, "model": "sheet.weapon", "fields": {"special_qualities": [], "base": 18, "quality": 5, "name": "", "description": ""}}, {"pk": 19, "model": "sheet.weapon", "fields": {"special_qualities": [], "base": 19, "quality": 5, "name": "", "description": ""}}, {"pk": 20, "model": "sheet.weapon", "fields": {"special_qualities": [], "base": 20, "quality": 5, "name": "", "description": ""}}, {"pk": 21, "model": "sheet.weapon", "fields": {"special_qualities": [], "base": 21, "quality": 5, "name": "", "description": ""}}, {"pk": 22, "model": "sheet.weapon", "fields": {"special_qualities": [], "base": 22, "quality": 5, "name": "", "description": ""}}, {"pk": 23, "model": "sheet.weapon", "fields": {"special_qualities": [], "base": 23, "quality": 5, "name": "", "description": ""}}, {"pk": 24, "model": "sheet.weapon", "fields": {"special_qualities": [], "base": 24, "quality": 5, "name": "", "description": ""}}, {"pk": 25, "model": "sheet.weapon", "fields": {"special_qualities": [], "base": 25, "quality": 5, "name": "", "description": ""}}, {"pk": 26, "model": "sheet.weapon", "fields": {"special_qualities": [], "base": 26, "quality": 5, "name": "", "description": ""}}, {"pk": 27, "model": "sheet.weapon", "fields": {"special_qualities": [], "base": 27, "quality": 5, "name": "", "description": ""}}, {"pk": 28, "model": "sheet.weapon", "fields": {"special_qualities": [], "base": 28, "quality": 5, "name": "", "description": ""}}, {"pk": 29, "model": "sheet.weapon", "fields": {"special_qualities": [], "base": 29, "quality": 5, "name": "", "description": ""}}, {"pk": 30, "model": "sheet.weapon", "fields": {"special_qualities": [], "base": 30, "quality": 5, "name": "", "description": ""}}, {"pk": 31, "model": "sheet.weapon", "fields": {"special_qualities": [], "base": 31, "quality": 5, "name": "", "description": ""}}, {"pk": 32, "model": "sheet.weapon", "fields": {"special_qualities": [], "base": 32, "quality": 5, "name": "", "description": ""}}, {"pk": 33, "model": "sheet.weapon", "fields": {"special_qualities": [], "base": 33, "quality": 5, "name": "", "description": ""}}, {"pk": 34, "model": "sheet.weapon", "fields": {"special_qualities": [], "base": 34, "quality": 5, "name": "", "description": ""}}, {"pk": 35, "model": "sheet.weapon", "fields": {"special_qualities": [], "base": 35, "quality": 5, "name": "", "description": ""}}, {"pk": 36, "model": "sheet.weapon", "fields": {"special_qualities": [], "base": 36, "quality": 5, "name": "", "description": ""}}, {"pk": 37, "model": "sheet.weapon", "fields": {"special_qualities": [], "base": 37, "quality": 5, "name": "", "description": ""}}, {"pk": 38, "model": "sheet.weapon", "fields": {"special_qualities": [], "base": 38, "quality": 5, "name": "", "description": ""}}, {"pk": 39, "model": "sheet.weapon", "fields": {"special_qualities": [], "base": 39, "quality": 5, "name": "", "description": ""}}, {"pk": 40, "model": "sheet.weapon", "fields": {"special_qualities": [], "base": 40, "quality": 5, "name": "", "description": ""}}, {"pk": 41, "model": "sheet.weapon", "fields": {"special_qualities": [], "base": 41, "quality": 5, "name": "", "description": ""}}, {"pk": 42, "model": "sheet.weapon", "fields": {"special_qualities": [], "base": 42, "quality": 5, "name": "", "description": ""}}, {"pk": 43, "model": "sheet.weapon", "fields": {"special_qualities": [], "base": 43, "quality": 5, "name": "", "description": ""}}, {"pk": 44, "model": "sheet.weapon", "fields": {"special_qualities": [], "base": 44, "quality": 5, "name": "", "description": ""}}, {"pk": 45, "model": "sheet.weapon", "fields": {"special_qualities": [], "base": 45, "quality": 5, "name": "", "description": ""}}, {"pk": 46, "model": "sheet.weapon", "fields": {"special_qualities": [], "base": 46, "quality": 5, "name": "", "description": ""}}, {"pk": 47, "model": "sheet.weapon", "fields": {"special_qualities": [], "base": 47, "quality": 5, "name": "", "description": ""}}, {"pk": 48, "model": "sheet.weapon", "fields": {"special_qualities": [], "base": 48, "quality": 5, "name": "", "description": ""}}, {"pk": 49, "model": "sheet.weapon", "fields": {"special_qualities": [], "base": 49, "quality": 5, "name": "", "description": ""}}, {"pk": 50, "model": "sheet.weapon", "fields": {"special_qualities": [], "base": 50, "quality": 5, "name": "", "description": ""}}, {"pk": 51, "model": "sheet.weapon", "fields": {"special_qualities": [1], "base": 13, "quality": 12, "name": "Trollpyre's Defender", "description": "This sword is especially effective against amphibious creatures."}}, {"pk": 1, "model": "sheet.armortemplate", "fields": {"encumbrance_class": 2, "armor_h_p": "0.0", "mod_vision": 0, "armor_h_r": "0.0", "armor_h_s": "0.0", "mod_tumble": -180, "armor_ll_dp": "11.0", "armor_ll_dr": "-3.0", "armor_rl_p": "-1.5", "armor_t_dp": "15.0", "armor_h_b": "0.0", "armor_t_dr": "-5.0", "mod_stealth": -60, "armor_la_dr": "-4.0", "armor_la_dp": "8.0", "armor_ll_s": "-3.5", "armor_ll_r": "-1.5", "armor_ll_p": "-1.5", "mod_fit": -7, "armor_ra_p": "-2.0", "armor_ra_r": "-2.0", "armor_ra_s": "-4.0", "mod_conceal": -40, "mod_psy": 0, "armor_rl_r": "-1.5", "armor_ll_b": "-2.5", "armor_ra_b": "-3.0", "mod_smell": 0, "armor_la_b": "-3.0", "description": "", "weight": "20.5", "armor_la_r": "-2.0", "armor_la_s": "-4.0", "armor_la_p": "-2.0", "mod_climb": -50, "is_helm": false, "mod_surprise": -3, "armor_rl_b": "-2.5", "name": "Plate mail", "armor_t_b": "-3.5", "mod_hear": -6, "armor_ra_dp": "8.0", "armor_ra_dr": "-4.0", "armor_h_dp": "0.0", "armor_rl_s": "-3.5", "armor_h_dr": "0.0", "armor_rl_dr": "-3.0", "mod_ref": -11, "armor_rl_dp": "11.0", "armor_t_p": "-3.0", "armor_t_r": "-3.0", "armor_t_s": "-5.0"}}, {"pk": 2, "model": "sheet.armortemplate", "fields": {"encumbrance_class": 1, "armor_h_p": "-2.5", "mod_vision": 0, "armor_h_r": "-2.5", "armor_h_s": "-3.5", "mod_tumble": -10, "armor_ll_dp": "0.0", "armor_ll_dr": "0.0", "armor_rl_p": "0.0", "armor_t_dp": "0.0", "armor_h_b": "-3.0", "armor_t_dr": "0.0", "mod_stealth": -5, "armor_la_dr": "0.0", "armor_la_dp": "0.0", "armor_ll_s": "0.0", "armor_ll_r": "0.0", "armor_ll_p": "0.0", "mod_fit": 0, "armor_ra_p": "0.0", "armor_ra_r": "0.0", "armor_ra_s": "0.0", "mod_conceal": -5, "mod_psy": -5, "armor_rl_r": "0.0", "armor_ll_b": "0.0", "armor_ra_b": "0.0", "mod_smell": -10, "armor_la_b": "0.0", "description": "", "weight": "4.0", "armor_la_r": "0.0", "armor_la_s": "0.0", "armor_la_p": "0.0", "mod_climb": 0, "is_helm": true, "mod_surprise": -12, "armor_rl_b": "0.0", "name": "Basinet wfa", "armor_t_b": "0.0", "mod_hear": -15, "armor_ra_dp": "0.0", "armor_ra_dr": "0.0", "armor_h_dp": "10.0", "armor_rl_s": "0.0", "armor_h_dr": "-4.0", "armor_rl_dr": "0.0", "mod_ref": -2, "armor_rl_dp": "0.0", "armor_t_p": "0.0", "armor_t_r": "0.0", "armor_t_s": "0.0"}}, {"pk": 1, "model": "sheet.armorquality", "fields": {"mod_climb": 25, "name": "L5", "short_name": "L5", "mod_fit": 5, "mod_fit_multiplier": "1.0", "dp_multiplier": "3.5", "armor_b": "-2.5", "mod_sensory": 5, "mod_conceal": 0, "mod_psy": 5, "mod_weight_multiplier": "0.8", "mod_ref": 5, "mod_encumbrance_class": 0, "mod_stealth": 25, "armor_s": "-2.5", "armor_r": "-2.5", "armor_dr": "-5.0", "armor_p": "-2.5"}}, {"pk": 1, "model": "sheet.armor", "fields": {"special_qualities": [], "base": 1, "quality": 1, "name": "", "description": ""}}, {"pk": 2, "model": "sheet.armor", "fields": {"special_qualities": [], "base": 2, "quality": 1, "name": "", "description": ""}}, {"pk": 1, "model": "sheet.spelleffect", "fields": {"dex": 0, "cha": 0, "saves_vs_poison": 0, "name": "Bull's Strength L5", "fit": 50, "int": 0, "cc_skill_levels": 0, "notes": "", "wil": 0, "imm": 0, "pos": 0, "saves_vs_fire": 0, "lrn": 0, "saves_vs_all": 0, "saves_vs_cold": 0, "psy": 0, "saves_vs_lightning": 0, "ref": 0, "mov": 0, "description": "Kord grants you mighty strength!"}}, {"pk": 2, "model": "sheet.spelleffect", "fields": {"dex": 0, "cha": 0, "saves_vs_poison": 0, "name": "Cat's Reflexes L5", "fit": 0, "int": 0, "cc_skill_levels": 0, "notes": "", "wil": 0, "imm": 0, "pos": 0, "saves_vs_fire": 0, "lrn": 0, "saves_vs_all": 0, "saves_vs_cold": 0, "psy": 0, "saves_vs_lightning": 0, "ref": 50, "mov": 0, "description": "Increases your reflexes."}}, {"pk": 2, "model": "sheet.sheet", "fields": {"description": "Street-wear sheet.", "armor": [], "character": 1, "weapons": [18], "spell_effects": [], "helm": [], "size": "M"}}, {"pk": 3, "model": "sheet.sheet", "fields": {"description": "Martel in dungeon crawl outfit.", "armor": [], "character": 1, "weapons": [], "spell_effects": [], "helm": [], "size": "M"}}, {"pk": 1, "model": "sheet.sheet", "fields": {"description": "Martel in large form ready to do some dragon slaying.", "armor": [1], "character": 1, "weapons": [3, 11, 15, 51], "spell_effects": [], "helm": [2], "size": "M"}}]